experiment_id,selection_kind,side,n_alerts,precision_tp_before_sl,expectancy_r_per_alert,hit_rate,mean_probability,median_holding_minutes
S2_current_fast_crowding_feature,event,long,52,0.2692307692307692,-0.4643371627151607,0.2692307692307692,0.36843339587242036,167.5
S2_current_fast_crowding_feature,event,short,105,0.47619047619047616,0.11530980964633548,0.47619047619047616,0.3914604459786875,115.0
S2_current_fast_crowding_feature,portfolio,long,45,0.28888888888888886,-0.41034730979064976,0.28888888888888886,0.3688346883468835,165.0
S2_current_fast_crowding_feature,portfolio,short,89,0.47191011235955055,0.1134231404434984,0.47191011235955055,0.3907362456507671,140.0
F1_setup_anchor_smallbuf_tp125,event,long,77,0.44155844155844154,-0.14731865229512106,0.44155844155844154,0.3885559037046806,150.0
F1_setup_anchor_smallbuf_tp125,event,short,105,0.5142857142857142,0.04607179677417576,0.5142857142857142,0.4801561848839161,105.0
F1_setup_anchor_smallbuf_tp125,portfolio,long,64,0.453125,-0.11535796665758176,0.453125,0.3908961767171576,147.5
F1_setup_anchor_smallbuf_tp125,portfolio,short,91,0.5274725274725275,0.07872311949518794,0.5274725274725275,0.480231490535741,110.0
